등록번호,사진,동물이름,성별,품종,중성화여부,나이,지역,크기,털빠짐,짖기,활동성,사람 성격,입양상태,소개내용,승인여부
"1,501",http://animal.seoul.go.kr/comm/getImage?srvcId=MEDIA&upperNo=1501&fileTy=ADOPTTHUMB&fileNo=1&thumbTy=L,경주,암컷,보스턴테리어,중성,3(세) 2(개월),서울특별시 강남구,중형,많이 빠짐,자주 짖음,높음,활발함,N,"차분하고 소심한 보테 경주예요.경주는 많이 혼났던 경험이 있는지 눈치도 많이 보고, 부드러운 손길에도 움찔 움찔, 피하는 모습도 보입니다.하지만, 애교도 많고, 보테 특유의 활발함도 보여요.매우 마른 상태로 구조되어 체중증량하고 있어요.출산한 흔적이 보이며 호흡기 치료를 했습니다. 초극단모 아이로 털이 빠지면 옷에 박힙니다.(대신 잘 보이지는 않죠, 털에 예민한 분은 심사숙고 부탁드립니다.)패드배변 훈련중이며 어린 자녀 또는 성인가족 누구나 적합한 반려견이 될 거예요.피부가 좋지 않아 입양후 꾸준히 보습과 피부관리를 해주시면 좋을 듯합니다.밥도 잘먹고 장난감보다는 사람이 좋은 친구예요.상처받은 마음을 보듬어 주실 평생가족을 기다립니다. 아이들과 자원봉사자님과의 다양한 일상은 자원봉사 후기 게시판을 통해 확인 가능합니다. 서울동물복지지원센터 공식 카페 https://cafe.naver.com/seoulanimalcare",승인
"1,582",http://animal.seoul.go.kr/comm/getImage?srvcId=MEDIA&upperNo=1582&fileTy=ADOPTTHUMB&fileNo=2&thumbTy=L,가온,수컷,믹스,중성,3(세) 2(개월),서울특별시 동작구,중형,많이 빠짐,자주 짖음,높음,활발함,N,"겁이 많지만, 사람을 너무 좋아하는 천진난만한 가온이예요!가온이는 구조당시 너무 많이 말라있었고, 호흡기 감염이 심했어요.또한 사람과 스킨십에 심한 트라우마가 있는지 만지지도 않았는데 미친듯 비명을 지르고 공황상태였고요.센터에 입소후 천천히 다가가 사람이란 존재가, 스킨십이라는 것이 아프고 무서운게 아니라는 것을 알려주니 방긋 웃으며 다가오는 귀여운 친구랍니다.낯선 공간에서는 겁을 먹어요. 낯을 살짝 가리고요,하지만, 공격적인 행동도 전혀 없고 털도 많이 빠지는 편이 아닙니다.호흡기 치료도 완료한 상태고요.산책 훈련도 천천히 해주시면 좋겠습니다.패드배변 훈련중이며 다른 강아지들과 문제없이 잘 지냅니다.살을 찌우고 있으며 너무 너무 애교가 많습니다. ㅎㅎㅎ발을 쓰는 친구예요. 막 들이댑니다. 귀여워요.처음 반려견을 맞이하거나 어린 자녀가 있는 가족도 적합합니다.이미 반려견이 있는 가족도 괜찮아요.다만, 낯을 가리고 사람에 대한 트라우마가 심했던 친구니까,다정하게 시간을 주시면 좋겠습니다. 아이들과 자원봉사자님과의 다양한 일상은 자원봉사 후기 게시판을 통해 확인 가능합니다. 서울동물복지지원센터 공식 카페 https://cafe.naver.com/seoulanimalcare",승인
"1,561",http://animal.seoul.go.kr/comm/getImage?srvcId=MEDIA&upperNo=1561&fileTy=ADOPTTHUMB&fileNo=1&thumbTy=L,강진,수컷,믹스,중성,3(세) 2(개월),서울특별시 용산구,중형,많이 빠짐,자주 짖음,높음,활발함,N,"겁이 살짝 있어, 시간을 조금만 주면 친해질 수 있는 귀염둥이 탈출귀재 강진이예요~^^구조당시 빡빡 짧게 미용이 되어있었지만 뼈가 다 튀어나올 정도로 마른 상태여서 유기하면서 미용을 하지 않았나 의심이 되는 친구입니다.그리고 사람에 대한 무서움이 있어 친해지는데 아주 약간의 시간이 필요해요!궁금한 것도 많고 사람을 좋아하는 아이라서 그리 오래 기다리지 않을거예요.^^기본적으로 온라인에서 판매되는 강아지 안전문은 금새 뛰어넘는 아주 아주 점핑을 잘하는 친구예요!그래서 강진의 경우에는 안전문을 강아지용 보다는 고양이용을 구매하시는 게 좋을 듯합니다,.ㅠ,ㅠㅎㅎ아직 패드에 배변을 잘하지 못해서 열심히 훈련중이고,다른 강아지들에게는 크게 관심이 없는 아이예요.다견의 가정으로 입양가더라도 크게 문제 없을 듯 합니다.포메라니안처럼 풍성한 코트를 지녔지만, 생각보다 털이 잘 안빠지기도 해요!공격적인 행동은 하지 않고 뽀뽀를 잘해주는 뽀뽀장인입니다^-^조금 마른상태여서 살을 찌우고 있어요.수염이 꼬불꼬불~ ㅎㅎㅎ어린 자녀가 있거나 처음 반려견을 맞이하는 가족 등 어느가족과도 적합합니다.하지만, 혼자 있게되면 하울링을 처음에 하다가 멈춰요.분리불안이 있습니다.방음에 취약하거나 소음에 예민한 환경을 지닌 가족에게는 적합하지 않습니다.사랑스러운 강진이의 평생가족을 기다립니다.카페에서 강진의 모습 더 보기https://cafe.naver.com/se",승인
"1,541",http://animal.seoul.go.kr/comm/getImage?srvcId=MEDIA&upperNo=1541&fileTy=ADOPTTHUMB&fileNo=1&thumbTy=L,국진,수컷,스피츠,중성,7(세) 6(개월),서울특별시 마포구,소형,많이 빠짐,자주 짖음,높음,활발함,N,"동물등록이 되어 있었지만, 보호소에서 1달 넘도록 찾아가지 않아 안락사 대기에 있던 국진입니다.(능동적으로 찾지 않는 경우에도 유기에 해당됩니다.)국진이의 칩정보에 의하면 만4년전 어릴적 유기되어 보호소에서 입양간 후 다시 유기된 친구예요.스피츠로 동물등록되어 있지만, 폼피츠같이 생긴 국진!오랫동안 춥고 전염병이 있던 보호소에서 있었기에호흡기 치료를 했고 엉망이 된 털로 피부가 좋지 않아 곰팡이 치료를 했습니다.사람을 너무 좋아하다보니 분리불안있고 떨어지면 하울링이 있어요.하울링 하다 어느정도 시간이 지나면 멈춥니다.그렇기 때문에 출퇴근이 긴 가족보다는 집에 가족 구성원이 상주하고 있는 집이 좋습니다.다른 강아지를 좋아하지 않아요, 외동으로 입양가면 좋겠습니다.앉아 기다려, 손 등 기본 지시어도 잘 해요. 정상체중보다 많이 나가서 체중감량을 위해 식이조절 중입니다.(다이어트 사료 급여중)산책을 자주 해주셔서 스트레스 해소와 근육 짱짱, 멋진 몸매를 지닌 국진이로 변신 시켜주세요. 패드배변을 잘하고 애교가 철철 넘칩니다.두번의 유기를 거치고 사람에 대한 마음이 더 강해졌을지도 모릅니다.털이 매우 많이 빠지는 견종으로 털에 예민한 가족 또는 알러지, 비염, 아토피, 천식 등병력이 있다면 알러지 검사, 병원 진료를 통해 입양전 준비를 해주세요.국진이의 진한 눈물을 이제 그만 멈춰주실, 마지막으로 눈감을 때까지 가족으",승인
"1,461",http://animal.seoul.go.kr/comm/getImage?srvcId=MEDIA&upperNo=1461&fileTy=ADOPTTHUMB&fileNo=1&thumbTy=L,겨자,수컷,닥스훈트,중성,5(세) 4(개월),서울특별시 여의도구,중형,많이 빠짐,자주 짖음,높음,활발함,N,"장난감도 좋아하고 사람을 너무 좋아하는 활발한 겨자예요~긴급구호로 센터에 입소하게 된 겨자와 까치는 한 집에서 구조된 친구들이예요.짧은 다리로 오종종~ 우다다~ 하면서 간식도 잘 받아먹고, 장난감을 보면웃음이 얼굴에서 떠나지 않아요!!!견종 특유의 활발함과 호기심이 많아요~다른 강아지들과 크게 문제없이 잘 지내고 있습니다.(관심 두지 않아요. 공격성 없습니다.)패드배변 훈련중이고 어느정도 가리고 있어요,시간이 지나면 더 잘할 것 같습니다.사람에게 친화적이다보니 분리불안 증상이 있습니다.기본 지시어인 앉아, 기다려 등 어느정도 훈련도 되어 있습니다.꾸준한 훈련으로 멋진 반려견을 만들어주세요.장난감을 보면 흥분도가 최고조로 찍은 우리 익살꾸러기 겨자!!처음 반려견을 맞이하는 가족 또는 어린 아이가 있는 가정 등 어느 가정과도 적합해요.다만, 하울링이 있어 어느정도 방음이 잘 되어 있거나, 소음에 대한 민원이 문제가 되지 않는 환경이면 좋겠습니다.매력적인 웃음을 지닌 화끈한 겨자의 평생가족이 되어주세요.겨자를 카페에서 더 볼 수있습니다. https://cafe.naver.com/seoulanimalcare/3709",승인
"1,421",http://animal.seoul.go.kr/comm/getImage?srvcId=MEDIA&upperNo=1421&fileTy=ADOPTTHUMB&fileNo=2&thumbTy=L,티나,암컷,믹스,중성,2(세) 3(개월),서울특별시 관악구,중형,많이 빠짐,자주 짖음,높음,활발함,P,"겁 있지만, 사람을 좋아하는 시골 똥강아지의 전형적인 모습으로 귀여움 풀 옵션 장착한 티나예요~구조당시 울음이 터지기 일보직전 아이처럼,두눈에는 흘러내리지 않은 눈물이 그렁그렁ㅠ.ㅠ센터에 입소하여 신체검사를 해보니 심장사상충에 걸려있었어요.딱, 시골 마당에서 풀어놓고 키우던 개구나 싶어요.적절한 구충을 하지 않아서 생명에 위협이 되는 심장사상충에 걸렸고사람에게 온전한 사랑을 받지 못해겁에 질려 경계하면서도 좋아하는 본능으로 안기고 싶어하는 시골 똥 강아지.이제는 심장사상충 치료와 더불어 집안에서 사람과 함께 지내며행복을 누릴 수 있는 반려견이 되기 위한 준비를 시작하려고 해요.패드가 뭔지 모르지만, 잠시 사진 찍는 사이 앉아, 기다려, 엎드려까지 스스로 터득하는 영리한 티나니까곧 잘해낼 수 있을 거라고 생각됩니다.심장사상충 치료로 인해 털이 많이 빠집니다.(원래 많이 빠지는 아이예요. 털에 민감하거나 알러지, 아토피, 비염 등 병력사항이 있는 가족은미리 알러지 검사 또는 병원 진료를 통해 입양 준비를 해주세요.)공격적인 행동이나 다른 강아지들과 흥분도는 없습니다.그냥 쫄보 겁 많은 강아지예요.앞으로 배울 게 많은 티나에게따스한 집에서 안정적으로 치료 받으며 건강해질 수 있도록 도와주실 가족을 기다립니다.**심장사상충 임시보호 기간동안에는 산책이나 과도한 흥분은 금기되며 한달에 1~2회 센터를 방문하여 의료지원 받으셔야 됩니다.심장사",승인
"1,441",http://animal.seoul.go.kr/comm/getImage?srvcId=MEDIA&upperNo=1441&fileTy=ADOPTTHUMB&fileNo=2&thumbTy=L,태희,암컷,믹스,중성,3(세) 3(개월),서울특별시 서대문구,중형,많이 빠짐,자주 짖음,높음,활발함,P,"눈썹있는 귀여운 강아지 태희예요~태희는 출산 경험이 있고 구조당시 심장사상충에 걸려있었어요.심장사상충 치료예정으로 심장사상충 치료과정 중에는 과도한 흥분이나 산책을 금지합니다.다른 반려견이 있는 가정보다는 외동으로 관리해 주실 수 있는 가정이 좋아요.단모종인데 생각보다 털이 잘 안빠집니다.하지만 심장사상충 치료하는 도중 털이 많이 빠지기 때문에 털에 예민하거나비염, 아토피, 알러지, 천식 등 병력이 있는 가족은 입양전 알러지 검사 또는 병원 진료를 통해 입양준비를 해주세요.(특히 어린 자녀가 있는 가정은 알러지 검사를 적극 권장드립니다.)앉아 기다려 손 등 기본 지시어도 잘하는 귀염둥이 반반 바둑이 태희!!다른 강아지들과 어울림이 적고 별로 좋아하지 않아요.외동으로 자란 느낌입니다.^^배변 훈련 중이며 작은 체구로 쇼파도 뛰어 오르고 활발함을 지녔어요.처음 본 낯선 사람에게도 쉽게 애교를 부리는 응석받이예요.^-^어린 자녀가 있는 가족 또는 처음 반려견을 맞이하는 가족 등 어느 가족과도 적합합니다!!눈썹이 있어 웃을 때, 옆을 볼 때, 정면을 볼 때 모두 다른 얼굴을 하는 천의 얼굴, 태희!사랑스러운 바둑이 태희에게 안정적으로 치료를 할 수있도록 따듯한 보금자리를 내어주세요.**심장사상충 임시보호 프로그램을 통해서 먼저 가족으로 만나볼 수있습니다.임시보호 가능하며 입양전제 임시보호를 우선으로 합니다.태희의 다양한 모습이 보고 싶다",승인
"1,342",http://animal.seoul.go.kr/comm/getImage?srvcId=MEDIA&upperNo=1342&fileTy=ADOPTTHUMB&fileNo=2&thumbTy=L,태산,수컷,믹스,중성,2(세) 3(개월),서울특별시 광진구,중형,많이 빠짐,자주 짖음,높음,활발함,P,"사람을 좋아하지만, 은근 소심하고 겁이 있어 만지면 자동 발라당하는 곱슬곱슬 크림둥이 태산입니다~태산이는 보호소 구조당시 분변통에 빠져있었다고 합니다.그래서 센터 입소하자마자 위생 미용을 응급으로 시행했어요 :)먹는 것도 좋아하고, 숨겨진 장난기도 있어보이는 태산!다른 강아지들과 데면 데면~ 별로 관심 있어하지 않아요.애교가 너무 너무 많지만, 다 못보여줘서 어쩌질 못해하는 귀여운 믹스 견~기본 지시어를 따르기보다는 안기고 애교부리고 싶대요~(호되게 혼나본 경험이 있는 듯 보입니다. 긴장하면 그자리에서 오줌을 지리는 희뇨가 있어요.)마킹이 있고 패드배변 훈련중입니다.공격적인 성격이 아니라서 처음 반려견을 맞이하거나 어린 아이가 있는 가정도 좋을 듯해요.^^발라당 애교가 넘치는 태산이의 평생가족이 되어주세요. 아이들과 자원봉사자님과의 다양한 일상은 자원봉사 후기 게시판을 통해 확인 가능합니다. 서울동물복지지원센터 공식 카페 https://cafe.naver.com/seoulanimalcare ** 곰팡이치료를 했으며 제 3안검 비대증 수술 후 안약치료하고 있습니다.",승인
"1,343",http://animal.seoul.go.kr/comm/getImage?srvcId=MEDIA&upperNo=1343&fileTy=ADOPTTHUMB&fileNo=2&thumbTy=L,타요,암컷,믹스,중성,3(세) 3(개월),서울특별시 서초구,중형,많이 빠짐,자주 짖음,보통,활발함,P,"조용하고 극소심한 귀여운 강아지 타요예요.타요는 구조당시 심장사상충에 걸려있었어요.심장사상충 임시보호 가능하며, 입양전제 임시보호를 우선으로 합니다.다른 강아지들과 문제없이 대면 대면하지만, 심장사상충 치료기간동안 최대한 흥분을 금지시켜야 되므로 외동으로 임시보호 또는 입양이 가능합니다.(외부산책 안됩니다.)사람을 좋아하지만, 겁이 너무 많아서, 조금 시간이 필요할지 몰라요~하지만, 그리 오래는 필요없습니다~맛있는 식사와 간식, 그리고 따뜻한 온기의 손길을 자주 전해주세요.그러면 누구보다 밝게 웃어줄 작은 친구가 될 테니까요!짖음 하나 없고 너무 온순하고 차분한 타요!순둥 순둥~패드배변 훈련중이고, 털은 다소 빠집니다.(심장사상충 치료기간에는 컨디션 저하로 털이 많이 빠집니다. 완치 후 건강을 되찾으면 치료당시보다 덜 빠져요.^^)털에 예민하거나, 알러지, 비염, 아토피, 천식 등 병력사항이 있는 가족은입양 전 알러지 검사 또는 병원진료를 통해 입양준비를 해 주세요.워낙 조용하고 겁이 많은 아이라,너무 어린 아이가 있는 집보다는 초등학교 이상의 자녀가 있는 가정 또는성인으로 구성된 가정이 적합합니다.물론 처음 반려견을 맞이하는 가족도 타요에겐 멋진 가족이 되어 줄 수 있어요.반짝이는 눈빛을 가진 타요의 평생가족이 되어주세요. 아이들과 자원봉사자님과의 다양한 일상은 자원봉사 후기 게시판을 통해 확인 가능합니다. 서울동물복지지원센터",승인
"1,481",http://animal.seoul.go.kr/comm/getImage?srvcId=MEDIA&upperNo=1481&fileTy=ADOPTTHUMB&fileNo=1&thumbTy=L,태리,수컷,말티즈,중성,7(세) 3(개월),서울특별시 서초구,소형,많이 빠짐,자주 짖음,보통,활발함,N,"7개월 넘도록 지자체 유기동물을 보호하는 동물병원에서 입양가지 못간채 안락사 대기 명단에 올랐던 태리 입니다.중성화도 되어 있고 인기많은 말티즈 견종이라 동물병원에서 빨리 입양갔을 수도 있는데 그동안 입양이 되지 않았다고 합니다.유실유기동물공고는 얼굴을 알아볼 수없을 정도로 산발이 되어 있는 상태의 말티즈.센터로 입소하기 위해 이동장으로 넣으려고 했지만, 격한 반응에 무척 애를 먹었어요.낯선 환경에 극심한 스트레스를 받고 얼굴주면을 만지면 으르르하는 습관적 경고가 있습니다.자주 다리를 들어 마킹하는 모습을 보여 방광염등 검사를 했지만, 이상없습니다.(습관적으로 마킹하는 것으로 생각해주세요. 소변의 양은 거의 없습니다)예쁜 발레리노 태리!스스로 만져달라고 다가와 안기기도 잘 합니다.다른 강아지들과 대면 대면하고 크게 문제는 없어요.외부 미용과 스파를 했을 때는 너무 잘 했다고 하셨어요.직접 목욕을 시킬 때 얼굴쪽 씻거나 수건으로 닦을 때 으르르 경고의 표현을 합니다.애교도 많고 사람을 좋아하지만, 흔들흔들 간식봉지를 흔드니까 두눈을 찔끈감고 엎드려서 움츠리는 모습이 분명 소리나는 무언가로 호되게 혼난 경험이 있어 보입니다.천천히 시간을 태리에게 주면 얼굴 아르르도 거의 없어요.유기로 상처받고 신체적 학대에 트라우마가 있는 태리.곰팡이 치료를 했습니다.오랫동안 동물병원 장안에서 있었기 때문에 면역이나 근육량이 좋지 않습니다.가정에서 관",승인
"1,361",http://animal.seoul.go.kr/comm/getImage?srvcId=MEDIA&upperNo=1361&fileTy=ADOPTTHUMB&fileNo=1&thumbTy=L,태풍,수컷,믹스,중성,3(세) 1(개월),서울특별시 강남구,중형,많이 빠짐,자주 짖음,보통,활발함,N,"자치구 유기동물 보호를 담당하는 동물병원으로 입소되어 입양문의 0건, 장기간 보호로 입양가지 못해 안락사 명단에 올라있던 태풍입니다.동물등록이 되어 있었지만, 어찌된 영문인지 가족은 찾지 못했습니다.그렇게 태풍이는 오랬동안 동물병원에 있었어요.센터로 입소 한 후 신체 검사한 태풍이는 심장사상충에 걸려있어 치료가 필요해, 현재 치료중입니다.(심장사상충 임시보호 가능합니다. 입양전제 임시보호 우선입니다.)태풍이는 사람을 매우 좋아하는 장난꾸러기예요.어린 나이답게 활발하고 명랑해요.오랜 기간동안 갇혀있어서인지, 갇히면 울고 불고 난리납니다.ㅎㅎㅎ집안에 풀어두시면 문제 없어요~^^마킹이 있고 패드 배변 훈련중이예요.다른 강아지들에게 무작정 들이대서 성격이 맞지 않는 친구들한테 으르렁 하고 혼날 때도 있지만,개의치 않고 밝고 명랑합니다. :)푸들 믹스라서 그런지 성격도 딱 푸들 성격!!털빠짐이 적은 태풍!반려견으로써 여러 훈련이 필요하지만, 우선 심장 사상충부터 치료해야 됩니다.심장사상충 치료에 절대적 안정이 요구되며 산책이나, 과도한 흥분은 금지됩니다.(다른 반려견이 있는 가정에는 맞지 않아요, 외동으로 임시보호 또는 입양 가능합니다.)임시보호를 통해 먼저 가족이 될 수 있습니다.5키로로 작지만 넘치는 에저자이저!집안에 활력과 웃음을 줄 귀여운 발바리 태풍이의 평생가족을 기다립니다. 아이들과 자원봉사자님과의 다양한 일상은 자원봉사 후기",승인
"1,301",http://animal.seoul.go.kr/comm/getImage?srvcId=MEDIA&upperNo=1301&fileTy=ADOPTTHUMB&fileNo=1&thumbTy=L,초코쿠키,암컷,웰시코기,중성,3(세) 5(개월),경기도 가평군,중형,많이 빠짐,자주 짖음,보통,활발함,N,"사람을 너무 좋아하는 애교둥이 귀여운 빵댕이 초코쿠키예요~초코쿠키는 긴급구호조치를 통해 센터로 입소하게 되었습니다.앉아, 기다려, 손 등 기본 지시어도 잘하고 사람에게 온순한 아이지만,활동력이 강하기 때문에 자주 산책을 통해 스트레스 완화 시켜주셔야 돼요.털이 매우 많이 빠지는 견종 특성상,털에 대한 예민함, 알러지, 비염, 아토피 등 병력이 있는 가족이라면 입양전 알러지검사를 통해 먼저 입양준비를 해 주세요.좁은 공간에서 묶여서 지낼 수밖에 없었다는 초코쿠키는조금 마른 몸매에 오랫동안 묶여있어서 그런지 묶인 곳에 털이 자국나 있어요.눈치도 많이 보고 패드배변도 어느정도 가리는 친구예요.스킨십을 너무 너무 좋아해서 떨어지지 않으려고도 하고요.짖음 등은 현재 크지 않지만, 중형견으로 짖는다면 어느정도 목청이 있을 것으로 생각됩니다. 구조때 이미 방광결석으로 혈뇨를 누고 있었어요, 현재 약물치료중이고 치료경과에 따라 수술도 가능합니다.산책 등을 잘 하지 않았다고 하는 초코쿠키.귀여운 외모보다는 견종 특성과 입양하고 싶은 가족의 여러 환경 등을 살펴본 후 입양신청 부탁드립니다.온순한 친구라서 어린 아이가 있는 가족이나 처음 반려견을 맞이하려는 가족 등어느가족과도 잘 어울릴 수있어요.다만, 에너제틱한 친구라서 오랫동안 집을 비우거나, 산책을 원활히 시켜줄 수없는 환경을 지녔다면입양에 어렵습니다.두번 다시 가족에게 버림받지 않도록 끝까지 책",승인
"1,381",http://animal.seoul.go.kr/comm/getImage?srvcId=MEDIA&upperNo=1381&fileTy=ADOPTTHUMB&fileNo=1&thumbTy=L,카스,암컷,믹스,미중성,2(세) 4(개월),강원도 강릉시,중형,안빠짐,안 짖음,보통,활발함,N,"견종계 지능1순위의 영리함의 보더콜리 믹스 카스예요~기본 지시어는 물론 때에 따라 얌전과 활발을 오가죠^^외형이 보더콜리 미니어쳐라고 할 정도예요.미친 활동력을 지닌 보더콜리 견종 특성상 반려견과 함께 할 시간이 적은 가족은 안됩니다.(혼자 사는 싱글 가족도 어렵습니다.)외부 산책부터 집안 다양한 놀이까지~ㅎㅎ패드에 배변 소변 잘합니다. 털은 매우 많이 빠집니다.털에 예민하거나 알러지, 비염, 아토피, 천식 등 병력사항을 지닌 가족이라면입양 전 알러지 검사를 통해 입양 준비를 해 주세요~사람을 좋아하고 다른 강아지도 좋아하는 ~인싸견 카스!싫다고 거절하는 소심한 친구들한테도 막 들이대서 혼날 때도 있어요 ㅎㅎㅎ많이 말랐습니다. 볼수록 매력 넘치는 카스의 평생가족을 기다립니다. 아이들과 자원봉사자님과의 다양한 일상은 자원봉사 후기 게시판을 통해 확인 가능합니다. 서울동물복지지원센터 공식 카페 https://cafe.naver.com/seoulanimalcare ** 제 3안검 비대증 수술후 안약치료와 곰팡이치료를 했습니다.",승인
"1,263",http://animal.seoul.go.kr/comm/getImage?srvcId=MEDIA&upperNo=1263&fileTy=ADOPTTHUMB&fileNo=1&thumbTy=L,잭슨,수컷,믹스,미중성,4(세) 5(개월),전라남도 강진군,중형,안빠짐,안 짖음,보통,차분함,P,"사랑스러운 외모와 매력적인 코트로 눈을 뗼 수없는 잭슨이예요~잭슨은 구조당시 매우 마른 몸과 심하게 엉킨 털에 오염이 있어정리미용을 시행했어요.그리고 심장사상충에 걸려있었어요.센터에서 치료 시작하였으며 다른 강아지들과도 잘 지냅니다.심장사상충 치료기간에는 움직임 제한으로 산책이 불가하며 과도한 흥분이 되지 않도록주의관찰이 필요해요!(산책영상은 치료전에 촬영하였습니다.)겁이 있고 소심한 친구예요.앉아-기다려-엎드려-손 등 다양한 지시어 훈련도 되어있는 잭슨!패드배변은 훈련중이예요, 똑똑한 친구니까 금방 마스터할꺼같아요!!순하고 착한아이라서 어린 아이가 있는 집이나 처음 반려견을 맞이하는 가족등어느 가족과도 잘 어울려요~(털이 길기 때문에 털 알러지나, 비염, 아토피 등 문제가 있는 가족은 입양전 알러지 검사를 통해 입양 준비해주세요.)**심장사상충 임시보호를 통해 먼저 가족이 될 수있습니다.치료기간에는 센터에서 의료지원으로 한달에 한두어번 센터방문을 해주셔야 합니다.입양전제 임시보호를 우선으로 합니다! 아이들과 자원봉사자님과의 다양한 일상은 자원봉사 후기 게시판을 통해 확인 가능합니다. 서울동물복지지원센터 공식 카페 https://cafe.naver.com/seoulanimalcare",승인
"1,261",http://animal.seoul.go.kr/comm/getImage?srvcId=MEDIA&upperNo=1261&fileTy=ADOPTTHUMB&fileNo=1&thumbTy=L,죠리퐁,수컷,믹스,미중성,7(세) 6(개월),인청광역시 강화군,중형,안빠짐,안 짖음,보통,차분함,P,착하고 순한데 이쁘기까지 한 완벽한 귀염둥이 죠리퐁!사람에게 친화적이고 낯선 사람에게도 꼬리를 흔드는 죠리퐁!다른 강아지들과 대면시 짖거나 흥분도가 높지 않아요.(심장사상충 치료를 위해 따로 격리가 되어 있는 상태입니다.)패드배변 훈련중이며 심장사상충 치료하기 때문에 산책이나 흥분도가 높은 놀이는 제한됩니다!털빠짐도 적고 사람에 대한 친화도가 높아 어린아이가 있는 가정에도 적합해요!간식이나 밥도 잘먹고 애교도 많아요.환하게 웃음 가득한 죠리퐁은 구조당시 심하게 엉킨 털과 오염이 심해서 위생미용을 실시했어요.털이 긴 중장모로 생각하시고 말티츄 닮았습니다(말티즈+시츄).심장사상충 임시보호 프로그램을 통해 먼저 가족이 될 수 있습니다(입양전제 임시보호 우선).센터에 한달에 한번이상 방문하여 의료지원 받으며 사랑스러운 죠리퐁의 가족이 되어주세요!,승인
"1,142",http://animal.seoul.go.kr/comm/getImage?srvcId=MEDIA&upperNo=1142&fileTy=ADOPTTHUMB&fileNo=11&thumbTy=L,무화,수컷,말티즈,미중성,13(세) 9(개월),경상남도 거제시,소형,안빠짐,안 짖음,보통,차분함,N,"하나 뿐인 보호자의 사망으로 보호소로 보내져 호흡기 감염으로 생사가 불투명했던 무화입니다.센터에 입소 당시 기립이나 움직임이 전혀없고 식이를 하지 않아 수액으로 연명했어요.다행히 호흡기 치료는 잘 끝났고 건강을 되찾은 무화는 밥도 잘먹고 똥도 잘 누고 다른 강아지들처럼 사람을 좋아하고~ㅎㅎ간이 좋지 않아 간보조제와 안약 등으로 건강관리를 하고 있고갑상선 저하증으로 약을 먹고 있어요.약을 좋아하지 않아 습식사료와 섞어주는데 잘 먹는 편은 아닙니다ㅎ갇힌 것을 싫어해서 잠자기 위해 호텔장안에 들어가면 구멍으로 코를 내밀어 콧잔등이 상처가 났어요.나이가 많다보니 특별하게 패드배변 훈련보다는 자유롭게 활동할 수 있도록 하고 있습니다.하지만, 스스로 패드에 소변을 누고 배변은 근처를 돌아다니며 하네요. :)(잠자는 공간에서는 배변을 하지 않기에 산책을 통해 배변을 시켜주시면 좋을 듯합니다.)구조당시부터 피부가 좋지 않아 약욕을 하고 있습니다.밥달라, 똥누게 풀어달라~ 등 요구성 짖음이 있어요.귀엽다~예쁘다라는 소리에 빙그레 웃음을 지울 줄 아는 사랑받았던 아이입니다.다른 강아지 친구들과 데면 데면~! 방석둥이로 그냥 무덤덤~해요^^ 우리 무화는 입양 또는 호스피스 임시보호를 통해 가족이 될 수 있습니다.많은 문의 부탁드립니다.**호스피스 임시보호의 경우 센터에서 의료지원 합니다.아이들과 자원봉사자님과의 다양한 일상은 자원봉사 후기 게시판을 통해",승인
"1,121",http://animal.seoul.go.kr/comm/getImage?srvcId=MEDIA&upperNo=1121&fileTy=ADOPTTHUMB&fileNo=1&thumbTy=L,마루,수컷,말티즈,미중성,9(세) 10(개월),충청남도 계룡시,소형,안빠짐,안 짖음,보통,차분함,N,"작고 순한 말티즈 마루예요~마루는 상자에 다른 말티즈 1마리와 함께 테이프로 꽁꽁 묶인채 유기되었다고 해요.밖으로 나오지 못하게 꽁꽁 묶여 혹 죽을 수도 있었죠.작고 순한 말티즈 마루예요~ 마루는 상자에 다른 말티즈 1마리와 함께 테이프로 꽁꽁 묶인채 유기되었다고 해요.밖으로 나오지 못하게 꽁꽁 묶여 혹 죽을 수도 있었죠.시위탁 보호소로 구조된 후 다른 말티즈 친구는 입양을 갔고 마루는 센터로 입소하게 되었습니다.심장이 약해 현재 심장병 약과 처방식 사료를 급여하고 있습니다.(심장이 약한 친구들은 격한 운동이나 흥분을 하지 않도록 주의하고 평상시에도 호흡에 관련해 주기적으로 체크해주시는 것이 좋습니다.^^)가벼운 산책도 잘하고 사람에 대한 사회성도 좋아 방글 방글 잘 웃어주고~ 간식도 좋아하고~품에 안기기도 좋아하는 딱!!!무릎 강아지랍니다~^^말티즈 친구들이 호불호가 강해 자기가 싫어하는 행동을 하면 단호하게 표현하는 편인데우리 마루는 사알짝 표현을 해요, (워낙 작은 친구라 크게 공격적이지 않고 오히려 귀엽습니다!!앙앙 대거든요!!^^)패드배변도 잘하고 폭신한 방석을 좋하는 우리 마루~사랑스런 흰둥이 마루의 평생가족이 되어주세요!^^ **아이들과 자원봉사자님과의 다양한 일상은 자원봉사 후기 게시판을 통해 확인 가능합니다. 서울동물복지지원센터 공식 카페 https://cafe.naver.com/seoulanimalcare",승인
468,http://animal.seoul.go.kr/comm/getImage?srvcId=MEDIA&upperNo=468&fileTy=ADOPTTHUMB&fileNo=4&thumbTy=L,아델,암컷,믹스,미중성,13(세) 7(개월),인청광역시 계약구,중형,안빠짐,안 짖음,적음,차분함,N,"2019년 8월에 긴급구조가 되어온 조그만 장애견이 있어요. 처음 온 날부터 겁을 먹고 모두를 경계하며 어떤 접촉과 사랑도 거부하던 아이였죠.커다란 두 눈은 모두를 원망하듯 바라보았고, 아무리 맛있는 것을 가져다 주어도 입도 대지 않고 낮은 으르렁 소리로 모두를 대했어요. 나이가 들어 푸석해진 털과 관리가 되지 않은 발톱은 길게 구부러져 있었고,하반신에 장애가 있어 두 개의 앞발로만 움직이던 아델.얼마나 안고 살아왔는지를 모르는 아델이의 하반신 장애는 그렇게 아델의 마음을 굳게 닫아버리고, 고통을 안겨주었습니다. 그러한 아델이에게 허락을 받고 믿음을 주기위해 매일매일 하루도 빠지지 않고 선생님들이 아델이에게 찾아가 웃어주고 바라봐주고, 맛있는 간식도 챙겨주면서 긴 시간이 흘러갔습니다.어느 순간부터인가 아델도 싫지만은 않았던지 선생님들을 기다리기 시작했어요. 그리고 어느날 아침. 늘 자신을 바라봐주던 선생님에게 믿음을 주기 시작한 아델. 조금씩 선생님의 냄새를 맡던 아델이는 천천히 다가와 마치 아이가 엄마에게 안기듯이 선생님의 품에 안겨서 너무나도 편하게 몸을 맡겨줬어요. 모두가 놀라워했고 감동적이였던 그 날의 기억.. 그 놀라움 속에서 아델이 또한 하반신의 고통을 참아내며 아주 천천히 마음을 열기 시작했어요. 그렇게 한 사람.. 한 사람.. 마음을 열어가고 어느 순간부터 그 닫힌 마음을 활짝 열어 자",승인
295,http://animal.seoul.go.kr/comm/getImage?srvcId=MEDIA&upperNo=295&fileTy=ADOPTTHUMB&fileNo=14&thumbTy=L,무무,수컷,푸들,미중성,7(세) 2(개월),경기도 과천시,중형,안빠짐,안 짖음,적음,차분함,P,"똥꼬발랄~ ★ 사람에게 푹 빠져있는 무릎강아지랍니다. 사람과 교감을 중요하게 여기는 푸들 성격답게 사람을 너무 좋아해요!마치 작은 강아지인냥 안겨서 애교부리는 것을 즐겨하죠.센터에서는 워낙 많은 강아지들이 있다보니까 나를 봐달라!!! 찡찡대요하지만 집에 가서 안정을 취하면 그 누구보다 신사적인 모습이라고 해요! 다른 개들 귀에 멍멍 짖곤 해 사랑을 독차지하는 외동이 좋을 듯해요. 사람이 있다면 천사견이 되는 반전매력견 무무!패드배변과 앉아-기다려-손 등의 지시어도 곧잘 하는 똑똑한 푸들이랍니다. 무무는 또또와 함께 긴급구호조치를 통해 센터에 입소했어요.전 가족들은 무무를 치료나 관리등을 하지 않아서 갖가지 질환과 심장사상충에 걸려있었지만이미 오래전에 치료를 완료하고 지금은 센터에 마스코트가 되었어요!설채현 수의사쌤이 칭찬한 상위 5%에 드는 푸들 >_< (유튜브에서 영상 확인가능-설채현의 DOG설TV)https://youtu.be/1I2oneXFEv0육류 알러지를 갖고 있어 처방식 사료가 필요하고 만성 결막염이 있어서 눈관리가 지속적으로 필요해요. 활기찬 성격의 무무는 한시도 가만히 있지 않는 에너자이저!사람 곁이 너무 좋은 푸들, 무무의 가족이 되어주세요.<무무 이야기 : https://cafe.naver.com/seoulanimal",승인
257,http://animal.seoul.go.kr/comm/getImage?srvcId=MEDIA&upperNo=257&fileTy=ADOPTTHUMB&fileNo=4&thumbTy=L,링디,암컷,푸들,미중성,13(세) 8(개월),전라남도 광양시,중형,안빠짐,안 짖음,적음,차분함,N,쪼르르 다가와 발라당 눕는 애교둥이!링디는 사람을 좋아하고 애교도 많아요.성격도 밝고 산책할 때 옆에서 차분하게 같이 걸어줘요. 링디는 조용한 성격으로 다른 친구들과 신나게 노는 것을 즐겨하지는 않아요. 사람 무릎에 폭 안겨 스킨십을 좋아하는 무릎강아지죠.그리고 장난감을 엄청 좋아하는 친구예요. (장난감을 모아 산을 만드는 거 안비밀!) 오랜 가정생활을 해서인지 눈치도 빠르고 사람에 대한 배려감도 크답니다. 나이가 많다는 한 가지 단점보다 링디의 수많은 장점을 알아봐 주실 가족은 어디에 계실까요? (쿠싱병을 앓고 있어 꾸준한 관리와 치료를 할 수 있는 가족이 필요합니다.)<링디 이야기 https://cafe.naver.com/seoulanimalcare/699>https://cafe.naver.com/seoulanimalcare/1301더 많은 사진과 영상보러 네이버카페로 오세요!,승인
"1,603",http://animal.seoul.go.kr/comm/getImage?srvcId=MEDIA&upperNo=1603&fileTy=ADOPTTHUMB&fileNo=1&thumbTy=L,두마리,암컷,말티즈,미중성,6(세) 7(개월),경기도 광주시,소형,안빠짐,안 짖음,적음,차분함,P,사람을 좋아하고 애교 넘치는 순둥하고 깜찍한 말티 두마리예요.두마리와 다기는 하나뿐인 가족의 사망으로 서울시 긴급구호조치를 통해 센터로 입소하게 되었습니다.애정으로 관리해져서인지 두마리와 다기는 사람에게 애교도 많고 친화적이며 분리불안도 있습니다.두마리는 서서 안아달라고 칭얼대기 일쑤인 전형적인 무릎강아지 입니다.혼자 있으면 울고 짖음이 있어요.소음에 예민한 환경을 지닌 가족은 입양이 어렵습니다.분리불안으로 집에 사람이 상시 있는 가족이 적합합니다.털빠짐이 적고 워낙 순해서 어린 아이가 있는 가족도 적합해요.치아가 좋지 않습니다.입양후 치아관리를 해주시면 좋을 듯해요.인형같은 외모를 지닌 깜찍한 두마리의 평생 가족이 되어주세요. **사진과 영상은 자원봉사자님께서 촬영해주셨습니다.아이들과 자원봉사자님과의 다양한 일상은 자원봉사 후기 게시판을 통해 확인 가능합니다. 서울동물복지지원센터 공식 카페 https://cafe.naver.com/seoulanimalcare,승인
"1,602",http://animal.seoul.go.kr/comm/getImage?srvcId=MEDIA&upperNo=1602&fileTy=ADOPTTHUMB&fileNo=1&thumbTy=L,나노,수컷,믹스,미중성,1(세) 1(개월),서울특별시 도봉구,중형,안빠짐,안 짖음,적음,차분함,N,"호기심 많지만 겁도 살짝 있는 소심강아지 나노예요!사람을 무척 좋아해서 애교는 철철~구조당시부터 매우 말라있어 살을 찌우기위해 밥을 많이 먹고 있어요, 지금도 마른 상태입니다.패드배변 훈련중이며 다른 강아지들에게 들이대며 놀자고하는 신나하는 어린 강아지예요.기본지시어 앉아, 기다려도 할 줄 알아요!털빠짐은 보통이나 털이 풍성한 아이라서 털빠짐에 예민하거나 알러지, 아토피, 천식, 기타 병력이 있는 가족이라면 입양전 알러지 검사 또는 병원진료를 통해 입양준비를 해주세요^^나노는 딱 어린 강아지예요.안에서 풍성한 꼬리를 흔들며 다가와 안기길 좋아하구요,나가서는 살짝 쫄보 성격이 보이기도 해요.아직 다른 강아지들과 사회성 훈련부터 외부 산책까지 반려견으로써의 훈련이 필요합니다.공격성은 없지만, 싫어하는 행동을 하면 살짝 입을 대는 마우스펀칭이 있어요.(초등 이상의 자녀 또는 일반 성인으로 구성된 가족등 적합합니다^^)다리가 길고 얼굴이 작은 요즘 연예인상인 나노!사랑과 훈련으로 멋진 반려견이 될 수있도록 함께 노력해주실 평생 가족을 기다립니다. **사진과 동영상 촬영은 자원봉사자님께서 직접 해주셨습니다^^아이들과 자원봉사자님과의 다양한 일상은 자원봉사 후기 게시판을 통해 확인 가능합니다. 서울동물복지지원센터 공식 카페 https://cafe.naver.com/seoulanimalcare",승인
"1,601",http://animal.seoul.go.kr/comm/getImage?srvcId=MEDIA&upperNo=1601&fileTy=ADOPTTHUMB&fileNo=1&thumbTy=L,뉴비,수컷,닥스훈트,미중성,1(세) 1(개월),서울특별시 동대문구,중형,안빠짐,안 짖음,적음,차분함,N,"어린 나이의 닥스훈트답게 개구지고 매우 활기 넘치며 에너제틱한 뉴비예요!구조당시 마른 상태여서 살을 찌우고 있으며 패드배변 훈련중입니다.밥도 잘먹고 장난감도 무척 좋아해요!(장난감을 싫어하는 닥스 친구는 거의 손에 꼽죠?!ㅎㅎㅎ)사람을 좋아하고 다른 강아지들한테 귀찮게 들이대는 어린 강아지 입니다.초단모종으로 털이 매우 많이 빠져 박히며 피부가 건조해서 각질이 심해요.(털에 예민하거나 알러지, 아토피, 천식, 기타 병력이 있는 가족은 입양전 알러지 검사 또는 병원 진료를 통해 입양준비를 해주세요^^)입양후 보습 등으로 관리해주시면 좋겠습니다.워낙 에너지가 넘치고 호기심이 많기 때문에 산책과 집안에서의 기본 훈련은 필수입니다.^^다른 강아지들과 얘기하는 것을 좋아하는 오지라퍼 뉴비!애교도 넘치고 잘생긴 뉴비의 멋진 평생가족이 되어주세요. **사진과 영상은 자원봉사자님께서 직접 촬영한 거예요~ ^^아이들과 자원봉사자님과의 다양한 일상은 자원봉사 후기 게시판을 통해 확인 가능합니다. 서울동물복지지원센터 공식 카페 https://cafe.naver.com/seoulanimalcare",승인
"1,604",http://animal.seoul.go.kr/comm/getImage?srvcId=MEDIA&upperNo=1604&fileTy=ADOPTTHUMB&fileNo=2&thumbTy=L,다기,수컷,닥스훈트,미중성,8(세) 9(개월),인천광역시 연수구,중형,안빠짐,안 짖음,적음,차분함,N,"사람을 좋아하고 먹는 것도 좋아하는 애교 넘치는 귀염둥이 똥똥한 닥스 다기예요~^^다기와 두마리는 하나뿐인 가족의 사망으로 서울시 긴급구호조치에 따라 센터에 입소하게 되었습니다.두 친구들은 매우 사랑을 받고 자랐음이 보일정도로 사람에 대한 친화성과 분리불안이 있어요.다기는 매우 뚱뚱해서 지금 열심히 체중감량 중이고, 방광결석이 있어 수술예정입니다.희끗 희끗 하얀 털이 얼굴에 살짝 덮혔지만, 어느 강아지들보다도 호기심도 있고먹는 것에 대해서는 질주본능을 지닌 귀염성이 있어요,ㅎㅎㅎ외부 산책 또한 처음 본 자원봉사자님과 열심히 달릴정도로 사회성이 좋답니다,^^다른 강아지 친구들과는 크게 관심있어하지 않아요,비만이다보니 입양후 적극적인 체중관리와 방광결석이후 식이 관리를 해주시면 좋을 듯합니다.패드배변도 잘하고 장난감도 좋아하는 매력적인 우리 친구 다기!적지 않은 8살, 곧 다가오는 6월에는 9살이 됩니다.앞으로 남은 여생을 건강하게 관리해주실 평생가족을 기다립니다.**사진과 영상은 자원봉사자님께서 촬영한 것입니다. 아이들과 자원봉사자님과의 다양한 일상은 자원봉사 후기 게시판을 통해 확인 가능합니다. 서울동물복지지원센터 공식 카페 https://cafe.naver.com/seoulanimalcare",승인
"1,581",http://animal.seoul.go.kr/comm/getImage?srvcId=MEDIA&upperNo=1581&fileTy=ADOPTTHUMB&fileNo=1&thumbTy=L,난짱,수컷,포메라니안,미중성,7(세) 1(개월),서울특별시 영등포구,소형,안빠짐,안 짖음,적음,차분함,P,"사람을 좋아하는 먹사자 난짱이예요~난짱이는 긴급구호를 통해 센터로 입소하게 되었습니다.이미 여러번 파양을 거쳐 전 가족에게 입양이 되었으나 이번 가족 역시 반려견을 키울 환경이 되지 못해센터에서 구조하게 되었습니다.난짱이는 사람을 좋아하지만, 잡히면 안좋은 일이 있었는지,주변에서 배회하는 행동을 합니다.먹는 것을 매우 좋아해서 비만도가 높은 상황에 산책을 거의 못해봤기 때문에외부 산책시 여러 훈련이 필요한 상태입니다. 짖음에 대해 민원이 컷다고 해요.집에 사람이 상주하거나 짖음에 대한 방음이 잘 되거나 문제가 없는 환경이면 좋겠습니다.전 가족을 물었다고도 합니다. 하지만, 센터에서는 공격적인 행동을 하지 않고 오히려 사람에게 치대는 애교많은 포메입니다.(센터에 입소한 시간이 적고 가정에서와 센터와의 생활을 다르기 때문에 입질 등에 대한 훈련 등을 하실 수있는 가족이 좋을 듯 합니다.)패드에 배소변을 잘하고 다른 강아지들과 대면 대면 거의 신경쓰지 않습니다.양치 등 치아 관리가 전혀 되어 있지 않아 치아 결손이 있으며 치석 등이 있어요.살짝 자기 주장이 강한 일반적인 포메라니안 같아요,ㅎㅎㅎ털이 매우 많이 빠지는 견종 특성상 털에 예민하거나 알러지, 천식, 비염, 아토피 등병력이 있는 가족이라면 입양전 알러지 검사 또는 병원 진료를 통해 입양준비를 해주세요.사랑으로 안정된 가정으로 이제 평생을 같이할 가족을 기다립니다. 아이들과 자원",승인
"1,584",http://animal.seoul.go.kr/comm/getImage?srvcId=MEDIA&upperNo=1584&fileTy=ADOPTTHUMB&fileNo=2&thumbTy=L,노랑,암컷,믹스,중성,3(세) 1(개월),경기도 여주시,중형,안빠짐,안 짖음,적음,차분함,N,"사람을 좋아하고 순둥순둥~애교 많은 발바리 노랑이예요^^노랑이는 몇 달 전 자견3마리와 함께 구조되어 보호소에 들어갔고 자견들은 입양을 갔지만,노랑이만은 입양을 못가고 있었답니다.센터에 입소하여 기본 치료와 중성화 수술을 마치고 입양센터로 이동하여 반려견으로써익혀야 할 기본적 훈련을 배우고 있습니다.산책훈련도 필요해요^^배변 훈련이 전혀 안됐던 마당견 출신으로 패드훈련을 지속적으로 해야 해요!(훈련이 어렵다면 실외산책을 통해 배변을 할 수있도록 해주세요~)털 빠짐은 심하지 않고 보통 다른 강아지처럼 빠집니다.공격성 제로!밥도 잘 먹고 다른 강아지들과 잘 어울려요,활동성도 보통 차분한 성격으로 집에 어린 아이들이 있는 가정 또는 처음 반려견을 맞이하는 가족,또는 이미 반려견이 있는 가족 등 어느 가족과도 어울리는 예쁜 아이랍니다^^노란색의 양말을 신고 앙증맞은 주끈깨와 살며시 다가오는 애교성♥처음 센터에 입소하고 낯선 환경에 짖음도 살짝 있었지만, 지금은 크게 없어요.건강하고 착한 노랑이와 함께 멋진 반려견 라이프를 즐기고 싶은 평생가족을 기다립니다. 아이들과 자원봉사자님과의 다양한 일상은 자원봉사 후기 게시판을 통해 확인 가능합니다.서울동물복지지원센터 공식 카페 https://cafe.naver.com/seoulanimalcare",승인